Age group,Mean Costs ($),"95% CI, Lower Limit","95% CI, Upper Limit"
0-4,2039.881551,1654.867944,2382.067969
5-14,2110.095751,1936.422144,2302.319849
15-24,2533.330502,2431.392627,2647.325781
25-34,3299.090523,3184.513452,3458.423413
35-44,4630.696552,4476.57688,4837.345557
45-54,6291.775619,6089.241064,6532.748096
55-64,8354.519228,8071.521436,8672.335449
65-74,10723.58597,10369.00049,11154.85029
75-84,13066.31149,12583.46523,13651.8501
85p,14307.15455,13705.65039,14956.25