Age Group,Total Expenditure,Health Expenditure,Non-Health Expenditure
0-4,20030,2152.242,17877.758
5-14,20030,2226.326,17803.674
15-24,20030,2672.872,17357.128
25-34,23668.52,3480.816,20187.704
35-44,24155.15,4885.767,19269.383
45-54,28915.17,6638.345,22276.825
55-64,32077.27,8814.708,23262.562
65-74,31352.78,11314.268,20038.512
75-84,28637.5,13786.042,14851.458
85-94,26193.748,16018.877,10174.871
95p,24112.03333,17969.77167,6142.261667